Model,Test Acc,Test F1,Test AUC
LSTM_WEEK,0.8731343283582089,0.9130434782608695,0.8904238463061993
LSTM_MONTH,0.8805970149253731,0.9187817258883249,0.8875354855747013
CNN_WEEK,0.8339552238805971,0.8886107634543179,0.8434178385158778
CNN_MONTH,0.8432835820895522,0.895,0.8563907044299202
